{"cameraMode":{"drawMode":0,"name":"Shaded","section":"Shading Mode"},"sceneLighting":false,"audioPlay":false,"sceneViewState":{"showFog":true,"showMaterialUpdate":false,"showSkybox":true,"showFlares":true,"showImageEffects":true,"showParticleSystems":true},"in2DMode":false,"pivot":{"x":-2.817087173461914,"y":-1.0430539846420289,"z":-0.9106254577636719},"rotation":{"x":-0.17437827587127686,"y":0.5198930501937866,"z":-0.10934992134571076,"w":-0.829063355922699},"size":5.5276689529418949,"orthographic":false}